{
  "30%": {
    "sparsity": 0.30000001763432754,
    "ppl": 6.029742240905762
  },
  "50%": {
    "sparsity": 0.5000000339715592,
    "ppl": 7.832501411437988
  },
  "70%": {
    "sparsity": 0.7000000370289995,
    "ppl": 168.1978759765625
  }
}