{
  "alpha=50.0": {
    "70%": {
      "sparsity": 0.6999499068976683,
      "ppl": 101.08160400390625
    }
  },
  "alpha=70.0": {
    "70%": {
      "sparsity": 0.6999499068976683,
      "ppl": 94.45484924316406
    }
  },
  "alpha=100.0": {
    "70%": {
      "sparsity": 0.6999499068976683,
      "ppl": 100.71955871582031
    }
  },
  "alpha=150.0": {
    "70%": {
      "sparsity": 0.6999499068976683,
      "ppl": 96.4334716796875
    }
  },
  "alpha=200.0": {
    "70%": {
      "sparsity": 0.6999499068976683,
      "ppl": 98.81446838378906
    }
  }
}