{
  "protect=0.1": {
    "30%": {
      "sparsity": 0.3000001481159981,
      "ppl": 5.932070732116699
    },
    "50%": {
      "sparsity": 0.5000001831375873,
      "ppl": 9.017647743225098
    },
    "70%": {
      "sparsity": 0.7000001585545318,
      "ppl": 700.136474609375
    }
  },
  "protect=0.2": {
    "30%": {
      "sparsity": 0.30000025265575075,
      "ppl": 6.0028791427612305
    },
    "50%": {
      "sparsity": 0.5000002742431324,
      "ppl": 13.650409698486328
    },
    "70%": {
      "sparsity": 0.7000002559911401,
      "ppl": 1536.561279296875
    }
  },
  "protect=0.3": {
    "30%": {
      "sparsity": 0.3000003541071798,
      "ppl": 6.14422082901001
    },
    "50%": {
      "sparsity": 0.5000003849595321,
      "ppl": 38.137176513671875
    },
    "70%": {
      "sparsity": 0.7000003026248259,
      "ppl": 1772.904296875
    }
  }
}