{
  "ablation_protect": {
    "protected": {
      "50": 7.670440196990967,
      "70": 153.15847778320312
    },
    "unprotected": {
      "50": 7.2562479972839355,
      "70": 63.83395767211914
    },
    "uniform": {
      "50": 7.2432403564453125,
      "70": 89.57550811767578
    }
  }
}