{
  "30%": {
    "sparsity": 0.3000010142363415,
    "ppl": 100.88081359863281
  },
  "50%": {
    "sparsity": 0.5000008316855357,
    "ppl": 1356.1695556640625
  },
  "70%": {
    "sparsity": 0.7000004414449702,
    "ppl": 4977.73681640625
  }
}