{
  "alpha=22.0": {
    "30%": {
      "sparsity": 0.2999999909203287,
      "ppl": 5.9299774169921875
    },
    "50%": {
      "sparsity": 0.5000000177578605,
      "ppl": 7.724327564239502
    },
    "70%": {
      "sparsity": 0.7000000047560183,
      "ppl": 256.0760803222656
    }
  },
  "alpha=50.0": {
    "30%": {
      "sparsity": 0.2999999912291611,
      "ppl": 5.9059553146362305
    },
    "50%": {
      "sparsity": 0.5000000176034443,
      "ppl": 7.655292987823486
    },
    "70%": {
      "sparsity": 0.7000000058369316,
      "ppl": 228.75250244140625
    }
  },
  "alpha=70.0": {
    "30%": {
      "sparsity": 0.29999999231007435,
      "ppl": 5.8964433670043945
    },
    "50%": {
      "sparsity": 0.5000000193020223,
      "ppl": 7.61970853805542
    },
    "70%": {
      "sparsity": 0.7000000055280992,
      "ppl": 208.31578063964844
    }
  },
  "alpha=100.0": {
    "30%": {
      "sparsity": 0.29999999014824785,
      "ppl": 5.890099048614502
    },
    "50%": {
      "sparsity": 0.500000015596034,
      "ppl": 7.60202169418335
    },
    "70%": {
      "sparsity": 0.7000000081531742,
      "ppl": 208.84339904785156
    }
  },
  "alpha=500.0": {
    "30%": {
      "sparsity": 0.29999999153799345,
      "ppl": 5.869724750518799
    },
    "50%": {
      "sparsity": 0.5000000196108546,
      "ppl": 7.571895122528076
    },
    "70%": {
      "sparsity": 0.7000000033662727,
      "ppl": 245.41851806640625
    }
  }
}