{
  "alpha=100.0": {
    "50%": {
      "sparsity": 0.5000000145151208,
      "ppl": 7.789490222930908
    },
    "70%": {
      "sparsity": 0.7000000035206888,
      "ppl": 233.89352416992188
    }
  }
}