{
  "protect=0.1": {
    "50%": {
      "sparsity": 0.5000001568868371,
      "ppl": 8.516617774963379
    },
    "70%": {
      "sparsity": 0.7000001321493653,
      "ppl": 598.6893920898438
    }
  },
  "protect=0.2": {
    "50%": {
      "sparsity": 0.5000002384185791,
      "ppl": 10.454254150390625
    },
    "70%": {
      "sparsity": 0.7000002161517662,
      "ppl": 946.692138671875
    }
  },
  "protect=0.3": {
    "50%": {
      "sparsity": 0.5000003319947831,
      "ppl": 19.562971115112305
    },
    "70%": {
      "sparsity": 0.7000002806977287,
      "ppl": 1290.8421630859375
    }
  }
}