{
  "temp_sweep": {
    "50": {
      "0.5": 7.999631881713867,
      "1.0": 7.669628620147705,
      "2.0": 7.455074310302734,
      "3.0": 7.392230033874512,
      "5.0": 7.333407878875732,
      "7.0": 7.275568962097168,
      "10.0": 7.266415119171143
    },
    "70": {
      "0.5": 562.376953125,
      "1.0": 232.83372497558594,
      "2.0": 119.43024444580078,
      "3.0": 106.54639434814453,
      "5.0": 91.34004974365234,
      "7.0": 89.56072235107422,
      "10.0": 86.03550720214844
    }
  }
}