{
  "crossover": {
    "uniform": {
      "25": 5.899288177490234,
      "30": 5.996631622314453,
      "35": 6.134794235229492,
      "40": 6.392550945281982,
      "45": 6.737198352813721,
      "50": 7.2432403564453125,
      "55": 8.285140037536621,
      "60": 10.72851848602295,
      "65": 20.624483108520508,
      "70": 89.57550811767578
    },
    "circuit": {
      "25": 5.903697490692139,
      "30": 5.9946208000183105,
      "35": 6.149609088897705,
      "40": 6.411759376525879,
      "45": 6.777468204498291,
      "50": 7.2562479972839355,
      "55": 8.345897674560547,
      "60": 10.838010787963867,
      "65": 20.579879760742188,
      "70": 63.83395767211914
    }
  }
}