{
  "temp_sweep": {
    "50": {
      "0.5": 7.639322757720947,
      "1.0": 7.444818496704102,
      "2.0": 7.343208312988281,
      "3.0": 7.321468353271484,
      "5.0": 7.259450435638428,
      "7.0": 7.262056827545166,
      "10.0": 7.2562479972839355
    },
    "70": {
      "0.5": 132.93968200683594,
      "1.0": 84.94416809082031,
      "2.0": 66.73231506347656,
      "3.0": 63.83395767211914,
      "5.0": 70.67854309082031,
      "7.0": 69.15019989013672,
      "10.0": 71.60762786865234
    }
  }
}